genre,date,count
Alternative rock,1954,0.0
Alternative rock,1955,0.0
Alternative rock,1956,0.0
Alternative rock,1957,0.0
Alternative rock,1958,0.0
Alternative rock,1959,0.0
Alternative rock,1960,0.0
Alternative rock,1961,0.0
Alternative rock,1962,0.0
Alternative rock,1963,0.0
Alternative rock,1964,0.0
Alternative rock,1965,0.0
Alternative rock,1966,0.0
Alternative rock,1967,0.0
Alternative rock,1968,0.0
Alternative rock,1969,0.0
Alternative rock,1970,1.45
Alternative rock,1971,0.0
Alternative rock,1972,0.0
Alternative rock,1973,0.0
Alternative rock,1974,5.45
Alternative rock,1975,0.0
Alternative rock,1976,1.56
Alternative rock,1977,4.55
Alternative rock,1978,4.62
Alternative rock,1979,7.22
Alternative rock,1980,9.93
Alternative rock,1981,13.64
Alternative rock,1982,11.84
Alternative rock,1983,12.69
Alternative rock,1984,15.75
Alternative rock,1985,13.24
Alternative rock,1986,14.08
Alternative rock,1987,16.67
Alternative rock,1988,14.41
Alternative rock,1989,16.85
Alternative rock,1990,18.58
Alternative rock,1991,14.02
Alternative rock,1992,17.42
Alternative rock,1993,22.22
Alternative rock,1994,17.02
Alternative rock,1995,18.53
Alternative rock,1996,16.26
Alternative rock,1997,15.67
Alternative rock,1998,14.98
Alternative rock,1999,13.94
Alternative rock,2000,11.85
Alternative rock,2001,14.68
Alternative rock,2002,14.73
Alternative rock,2003,12.12
Alternative rock,2004,15.85
Alternative rock,2005,14.03
Alternative rock,2006,13.29
Alternative rock,2007,13.76
Alternative rock,2008,12.58
Alternative rock,2009,15.19
Alternative rock,2010,14.07
Alternative rock,2011,16.14
Alternative rock,2012,14.07
Alternative rock,2013,18.18
Alternative rock,2014,16.67
Alternative rock,2015,7.14
Alternative rock,2016,0.0
Alternative rock,2017,0.0
Alternative rock,2018,0.0
Alternative rock,2019,0.0
Alternative rock,2020,0.0
Art rock,1954,0.0
Art rock,1955,0.0
Art rock,1956,0.0
Art rock,1957,0.0
Art rock,1958,0.0
Art rock,1959,0.0
Art rock,1960,0.0
Art rock,1961,0.0
Art rock,1962,0.0
Art rock,1963,0.0
Art rock,1964,0.79
Art rock,1965,0.0
Art rock,1966,0.0
Art rock,1967,0.95
Art rock,1968,0.0
Art rock,1969,2.17
Art rock,1970,1.45
Art rock,1971,0.0
Art rock,1972,1.89
Art rock,1973,3.12
Art rock,1974,0.0
Art rock,1975,2.22
Art rock,1976,0.0
Art rock,1977,0.0
Art rock,1978,0.0
Art rock,1979,1.03
Art rock,1980,0.0
Art rock,1981,1.82
Art rock,1982,1.32
Art rock,1983,0.0
Art rock,1984,0.68
Art rock,1985,0.74
Art rock,1986,0.7
Art rock,1987,0.67
Art rock,1988,0.0
Art rock,1989,1.09
Art rock,1990,0.0
Art rock,1991,0.47
Art rock,1992,0.76
Art rock,1993,1.39
Art rock,1994,0.71
Art rock,1995,0.7
Art rock,1996,0.35
Art rock,1997,0.63
Art rock,1998,1.3
Art rock,1999,1.34
Art rock,2000,0.83
Art rock,2001,0.85
Art rock,2002,1.45
Art rock,2003,1.35
Art rock,2004,0.98
Art rock,2005,0.73
Art rock,2006,1.35
Art rock,2007,1.4
Art rock,2008,0.0
Art rock,2009,0.63
Art rock,2010,1.11
Art rock,2011,1.79
Art rock,2012,0.74
Art rock,2013,1.01
Art rock,2014,2.38
Art rock,2015,0.0
Art rock,2016,0.0
Art rock,2017,0.0
Art rock,2018,0.0
Art rock,2019,0.0
Art rock,2020,0.0
Baroque pop,1954,0.0
Baroque pop,1955,0.0
Baroque pop,1956,0.0
Baroque pop,1957,0.0
Baroque pop,1958,0.0
Baroque pop,1959,0.0
Baroque pop,1960,0.0
Baroque pop,1961,0.0
Baroque pop,1962,0.0
Baroque pop,1963,3.03
Baroque pop,1964,0.0
Baroque pop,1965,1.55
Baroque pop,1966,4.85
Baroque pop,1967,0.95
Baroque pop,1968,0.0
Baroque pop,1969,0.0
Baroque pop,1970,0.0
Baroque pop,1971,0.0
Baroque pop,1972,0.0
Baroque pop,1973,0.0
Baroque pop,1974,0.0
Baroque pop,1975,0.0
Baroque pop,1976,0.0
Baroque pop,1977,0.0
Baroque pop,1978,0.0
Baroque pop,1979,0.0
Baroque pop,1980,0.0
Baroque pop,1981,0.0
Baroque pop,1982,0.0
Baroque pop,1983,0.0
Baroque pop,1984,0.0
Baroque pop,1985,0.0
Baroque pop,1986,0.0
Baroque pop,1987,0.0
Baroque pop,1988,0.0
Baroque pop,1989,0.0
Baroque pop,1990,0.0
Baroque pop,1991,0.47
Baroque pop,1992,0.76
Baroque pop,1993,0.0
Baroque pop,1994,0.0
Baroque pop,1995,0.7
Baroque pop,1996,0.0
Baroque pop,1997,0.0
Baroque pop,1998,0.33
Baroque pop,1999,0.27
Baroque pop,2000,0.55
Baroque pop,2001,0.0
Baroque pop,2002,0.48
Baroque pop,2003,0.0
Baroque pop,2004,0.2
Baroque pop,2005,0.36
Baroque pop,2006,1.13
Baroque pop,2007,0.56
Baroque pop,2008,0.92
Baroque pop,2009,0.63
Baroque pop,2010,0.37
Baroque pop,2011,0.0
Baroque pop,2012,0.74
Baroque pop,2013,1.01
Baroque pop,2014,0.0
Baroque pop,2015,0.0
Baroque pop,2016,0.0
Baroque pop,2017,0.0
Baroque pop,2018,0.0
Baroque pop,2019,0.0
Baroque pop,2020,0.0
Beat,1954,0.0
Beat,1955,0.0
Beat,1956,0.0
Beat,1957,0.0
Beat,1958,0.0
Beat,1959,14.29
Beat,1960,0.0
Beat,1961,0.0
Beat,1962,3.33
Beat,1963,0.0
Beat,1964,0.79
Beat,1965,0.0
Beat,1966,0.0
Beat,1967,0.0
Beat,1968,0.0
Beat,1969,0.0
Beat,1970,0.0
Beat,1971,0.0
Beat,1972,0.0
Beat,1973,0.0
Beat,1974,0.0
Beat,1975,0.0
Beat,1976,0.0
Beat,1977,0.0
Beat,1978,0.0
Beat,1979,0.0
Beat,1980,0.0
Beat,1981,0.0
Beat,1982,0.0
Beat,1983,0.0
Beat,1984,0.0
Beat,1985,0.0
Beat,1986,0.0
Beat,1987,0.0
Beat,1988,0.0
Beat,1989,0.0
Beat,1990,0.0
Beat,1991,0.0
Beat,1992,0.0
Beat,1993,0.0
Beat,1994,0.0
Beat,1995,0.0
Beat,1996,0.0
Beat,1997,0.0
Beat,1998,0.0
Beat,1999,0.0
Beat,2000,0.0
Beat,2001,0.0
Beat,2002,0.0
Beat,2003,0.0
Beat,2004,0.0
Beat,2005,0.0
Beat,2006,0.0
Beat,2007,0.0
Beat,2008,0.0
Beat,2009,0.0
Beat,2010,0.0
Beat,2011,0.0
Beat,2012,0.0
Beat,2013,0.0
Beat,2014,0.0
Beat,2015,0.0
Beat,2016,0.0
Beat,2017,0.0
Beat,2018,0.0
Beat,2019,0.0
Beat,2020,0.0
Blues rock,1954,0.0
Blues rock,1955,0.0
Blues rock,1956,0.0
Blues rock,1957,0.0
Blues rock,1958,0.0
Blues rock,1959,14.29
Blues rock,1960,3.57
Blues rock,1961,16.67
Blues rock,1962,3.33
Blues rock,1963,3.03
Blues rock,1964,4.76
Blues rock,1965,3.1
Blues rock,1966,2.91
Blues rock,1967,7.62
Blues rock,1968,6.0
Blues rock,1969,10.87
Blues rock,1970,1.45
Blues rock,1971,0.0
Blues rock,1972,5.66
Blues rock,1973,3.12
Blues rock,1974,3.64
Blues rock,1975,0.0
Blues rock,1976,3.12
Blues rock,1977,2.27
Blues rock,1978,0.0
Blues rock,1979,3.09
Blues rock,1980,1.32
Blues rock,1981,0.91
Blues rock,1982,0.0
Blues rock,1983,1.49
Blues rock,1984,2.05
Blues rock,1985,0.0
Blues rock,1986,3.52
Blues rock,1987,1.33
Blues rock,1988,1.8
Blues rock,1989,1.63
Blues rock,1990,1.64
Blues rock,1991,0.47
Blues rock,1992,0.76
Blues rock,1993,1.39
Blues rock,1994,1.42
Blues rock,1995,0.7
Blues rock,1996,1.38
Blues rock,1997,0.63
Blues rock,1998,1.63
Blues rock,1999,1.61
Blues rock,2000,2.2
Blues rock,2001,0.85
Blues rock,2002,1.21
Blues rock,2003,1.15
Blues rock,2004,0.78
Blues rock,2005,0.73
Blues rock,2006,0.45
Blues rock,2007,0.84
Blues rock,2008,1.23
Blues rock,2009,3.16
Blues rock,2010,1.48
Blues rock,2011,2.69
Blues rock,2012,2.22
Blues rock,2013,2.02
Blues rock,2014,0.0
Blues rock,2015,0.0
Blues rock,2016,0.0
Blues rock,2017,0.0
Blues rock,2018,0.0
Blues rock,2019,0.0
Blues rock,2020,0.0
Country rock,1954,0.0
Country rock,1955,0.0
Country rock,1956,0.0
Country rock,1957,0.0
Country rock,1958,0.0
Country rock,1959,14.29
Country rock,1960,0.0
Country rock,1961,0.0
Country rock,1962,0.0
Country rock,1963,0.0
Country rock,1964,2.38
Country rock,1965,0.0
Country rock,1966,1.94
Country rock,1967,4.76
Country rock,1968,12.0
Country rock,1969,7.61
Country rock,1970,4.35
Country rock,1971,11.36
Country rock,1972,7.55
Country rock,1973,1.56
Country rock,1974,7.27
Country rock,1975,0.0
Country rock,1976,0.0
Country rock,1977,1.14
Country rock,1978,1.54
Country rock,1979,1.03
Country rock,1980,0.0
Country rock,1981,0.0
Country rock,1982,1.32
Country rock,1983,0.75
Country rock,1984,0.0
Country rock,1985,1.47
Country rock,1986,0.0
Country rock,1987,0.67
Country rock,1988,1.8
Country rock,1989,1.63
Country rock,1990,0.0
Country rock,1991,0.0
Country rock,1992,0.0
Country rock,1993,0.0
Country rock,1994,0.35
Country rock,1995,0.35
Country rock,1996,0.0
Country rock,1997,0.31
Country rock,1998,1.95
Country rock,1999,0.54
Country rock,2000,0.28
Country rock,2001,0.43
Country rock,2002,0.48
Country rock,2003,0.58
Country rock,2004,0.39
Country rock,2005,0.36
Country rock,2006,0.68
Country rock,2007,1.12
Country rock,2008,0.92
Country rock,2009,0.63
Country rock,2010,0.37
Country rock,2011,1.35
Country rock,2012,0.0
Country rock,2013,0.0
Country rock,2014,0.0
Country rock,2015,0.0
Country rock,2016,0.0
Country rock,2017,0.0
Country rock,2018,0.0
Country rock,2019,0.0
Country rock,2020,0.0
Dance-rock,1954,0.0
Dance-rock,1955,0.0
Dance-rock,1956,0.0
Dance-rock,1957,0.0
Dance-rock,1958,0.0
Dance-rock,1959,0.0
Dance-rock,1960,0.0
Dance-rock,1961,0.0
Dance-rock,1962,0.0
Dance-rock,1963,0.0
Dance-rock,1964,0.0
Dance-rock,1965,0.0
Dance-rock,1966,0.0
Dance-rock,1967,0.0
Dance-rock,1968,0.0
Dance-rock,1969,0.0
Dance-rock,1970,1.45
Dance-rock,1971,0.0
Dance-rock,1972,0.0
Dance-rock,1973,0.0
Dance-rock,1974,0.0
Dance-rock,1975,2.22
Dance-rock,1976,0.0
Dance-rock,1977,0.0
Dance-rock,1978,0.0
Dance-rock,1979,1.03
Dance-rock,1980,1.32
Dance-rock,1981,0.0
Dance-rock,1982,0.0
Dance-rock,1983,0.75
Dance-rock,1984,0.68
Dance-rock,1985,0.0
Dance-rock,1986,0.7
Dance-rock,1987,0.0
Dance-rock,1988,0.9
Dance-rock,1989,0.0
Dance-rock,1990,0.0
Dance-rock,1991,0.0
Dance-rock,1992,0.0
Dance-rock,1993,0.0
Dance-rock,1994,0.0
Dance-rock,1995,0.0
Dance-rock,1996,0.0
Dance-rock,1997,0.0
Dance-rock,1998,0.0
Dance-rock,1999,0.27
Dance-rock,2000,0.0
Dance-rock,2001,0.21
Dance-rock,2002,0.24
Dance-rock,2003,0.58
Dance-rock,2004,0.2
Dance-rock,2005,0.36
Dance-rock,2006,0.45
Dance-rock,2007,0.0
Dance-rock,2008,0.92
Dance-rock,2009,0.0
Dance-rock,2010,0.37
Dance-rock,2011,0.45
Dance-rock,2012,0.0
Dance-rock,2013,1.01
Dance-rock,2014,2.38
Dance-rock,2015,7.14
Dance-rock,2016,0.0
Dance-rock,2017,0.0
Dance-rock,2018,0.0
Dance-rock,2019,0.0
Dance-rock,2020,0.0
Experimental rock,1954,0.0
Experimental rock,1955,0.0
Experimental rock,1956,0.0
Experimental rock,1957,0.0
Experimental rock,1958,0.0
Experimental rock,1959,0.0
Experimental rock,1960,0.0
Experimental rock,1961,0.0
Experimental rock,1962,0.0
Experimental rock,1963,0.0
Experimental rock,1964,1.59
Experimental rock,1965,0.0
Experimental rock,1966,2.91
Experimental rock,1967,2.86
Experimental rock,1968,2.0
Experimental rock,1969,1.09
Experimental rock,1970,0.0
Experimental rock,1971,0.0
Experimental rock,1972,0.0
Experimental rock,1973,3.12
Experimental rock,1974,1.82
Experimental rock,1975,6.67
Experimental rock,1976,0.0
Experimental rock,1977,0.0
Experimental rock,1978,4.62
Experimental rock,1979,4.12
Experimental rock,1980,0.66
Experimental rock,1981,2.73
Experimental rock,1982,2.63
Experimental rock,1983,2.99
Experimental rock,1984,3.42
Experimental rock,1985,1.47
Experimental rock,1986,0.7
Experimental rock,1987,1.33
Experimental rock,1988,1.8
Experimental rock,1989,2.72
Experimental rock,1990,2.19
Experimental rock,1991,2.34
Experimental rock,1992,2.27
Experimental rock,1993,4.17
Experimental rock,1994,3.55
Experimental rock,1995,3.5
Experimental rock,1996,2.08
Experimental rock,1997,2.51
Experimental rock,1998,1.95
Experimental rock,1999,2.95
Experimental rock,2000,3.58
Experimental rock,2001,3.4
Experimental rock,2002,3.38
Experimental rock,2003,2.31
Experimental rock,2004,3.52
Experimental rock,2005,2.0
Experimental rock,2006,3.15
Experimental rock,2007,3.93
Experimental rock,2008,1.23
Experimental rock,2009,2.53
Experimental rock,2010,2.22
Experimental rock,2011,1.79
Experimental rock,2012,1.48
Experimental rock,2013,1.01
Experimental rock,2014,2.38
Experimental rock,2015,0.0
Experimental rock,2016,0.0
Experimental rock,2017,0.0
Experimental rock,2018,0.0
Experimental rock,2019,0.0
Experimental rock,2020,0.0
Folk rock,1954,0.0
Folk rock,1955,0.0
Folk rock,1956,0.0
Folk rock,1957,50.0
Folk rock,1958,0.0
Folk rock,1959,0.0
Folk rock,1960,21.43
Folk rock,1961,0.0
Folk rock,1962,10.0
Folk rock,1963,6.06
Folk rock,1964,12.7
Folk rock,1965,12.4
Folk rock,1966,7.77
Folk rock,1967,7.62
Folk rock,1968,8.0
Folk rock,1969,6.52
Folk rock,1970,2.9
Folk rock,1971,6.82
Folk rock,1972,0.0
Folk rock,1973,0.0
Folk rock,1974,3.64
Folk rock,1975,0.0
Folk rock,1976,1.56
Folk rock,1977,1.14
Folk rock,1978,1.54
Folk rock,1979,1.03
Folk rock,1980,1.99
Folk rock,1981,1.82
Folk rock,1982,0.0
Folk rock,1983,0.0
Folk rock,1984,1.37
Folk rock,1985,2.94
Folk rock,1986,0.0
Folk rock,1987,2.0
Folk rock,1988,1.8
Folk rock,1989,2.72
Folk rock,1990,1.64
Folk rock,1991,2.34
Folk rock,1992,1.89
Folk rock,1993,1.39
Folk rock,1994,1.42
Folk rock,1995,1.4
Folk rock,1996,2.42
Folk rock,1997,0.94
Folk rock,1998,1.3
Folk rock,1999,1.34
Folk rock,2000,2.48
Folk rock,2001,1.7
Folk rock,2002,2.66
Folk rock,2003,1.92
Folk rock,2004,1.76
Folk rock,2005,2.55
Folk rock,2006,2.03
Folk rock,2007,1.97
Folk rock,2008,3.37
Folk rock,2009,4.11
Folk rock,2010,1.85
Folk rock,2011,4.93
Folk rock,2012,3.7
Folk rock,2013,2.02
Folk rock,2014,0.0
Folk rock,2015,0.0
Folk rock,2016,12.5
Folk rock,2017,0.0
Folk rock,2018,0.0
Folk rock,2019,0.0
Folk rock,2020,0.0
Funk rock,1954,0.0
Funk rock,1955,0.0
Funk rock,1956,0.0
Funk rock,1957,0.0
Funk rock,1958,0.0
Funk rock,1959,0.0
Funk rock,1960,3.57
Funk rock,1961,0.0
Funk rock,1962,0.0
Funk rock,1963,0.0
Funk rock,1964,0.0
Funk rock,1965,0.0
Funk rock,1966,0.0
Funk rock,1967,0.0
Funk rock,1968,6.0
Funk rock,1969,2.17
Funk rock,1970,1.45
Funk rock,1971,0.0
Funk rock,1972,1.89
Funk rock,1973,0.0
Funk rock,1974,0.0
Funk rock,1975,2.22
Funk rock,1976,0.0
Funk rock,1977,0.0
Funk rock,1978,3.08
Funk rock,1979,2.06
Funk rock,1980,0.0
Funk rock,1981,0.91
Funk rock,1982,2.63
Funk rock,1983,0.75
Funk rock,1984,0.68
Funk rock,1985,0.0
Funk rock,1986,2.11
Funk rock,1987,1.33
Funk rock,1988,2.7
Funk rock,1989,0.54
Funk rock,1990,1.09
Funk rock,1991,0.93
Funk rock,1992,0.0
Funk rock,1993,0.46
Funk rock,1994,0.35
Funk rock,1995,0.7
Funk rock,1996,0.35
Funk rock,1997,0.63
Funk rock,1998,0.98
Funk rock,1999,0.27
Funk rock,2000,0.0
Funk rock,2001,0.0
Funk rock,2002,0.24
Funk rock,2003,0.0
Funk rock,2004,0.39
Funk rock,2005,0.0
Funk rock,2006,0.45
Funk rock,2007,0.56
Funk rock,2008,0.0
Funk rock,2009,0.0
Funk rock,2010,0.0
Funk rock,2011,0.0
Funk rock,2012,0.74
Funk rock,2013,0.0
Funk rock,2014,0.0
Funk rock,2015,0.0
Funk rock,2016,0.0
Funk rock,2017,0.0
Funk rock,2018,0.0
Funk rock,2019,0.0
Funk rock,2020,0.0
Garage rock,1954,0.0
Garage rock,1955,0.0
Garage rock,1956,0.0
Garage rock,1957,50.0
Garage rock,1958,66.67
Garage rock,1959,28.57
Garage rock,1960,35.71
Garage rock,1961,16.67
Garage rock,1962,33.33
Garage rock,1963,45.45
Garage rock,1964,37.3
Garage rock,1965,35.66
Garage rock,1966,28.16
Garage rock,1967,9.52
Garage rock,1968,2.0
Garage rock,1969,2.17
Garage rock,1970,1.45
Garage rock,1971,0.0
Garage rock,1972,0.0
Garage rock,1973,1.56
Garage rock,1974,0.0
Garage rock,1975,0.0
Garage rock,1976,3.12
Garage rock,1977,1.14
Garage rock,1978,0.0
Garage rock,1979,3.09
Garage rock,1980,1.32
Garage rock,1981,1.82
Garage rock,1982,1.32
Garage rock,1983,0.75
Garage rock,1984,2.74
Garage rock,1985,2.21
Garage rock,1986,1.41
Garage rock,1987,2.0
Garage rock,1988,1.8
Garage rock,1989,0.54
Garage rock,1990,2.73
Garage rock,1991,2.34
Garage rock,1992,2.27
Garage rock,1993,1.85
Garage rock,1994,2.13
Garage rock,1995,0.35
Garage rock,1996,1.73
Garage rock,1997,1.57
Garage rock,1998,1.95
Garage rock,1999,2.68
Garage rock,2000,1.93
Garage rock,2001,1.7
Garage rock,2002,0.97
Garage rock,2003,1.73
Garage rock,2004,0.59
Garage rock,2005,1.09
Garage rock,2006,1.35
Garage rock,2007,1.69
Garage rock,2008,2.15
Garage rock,2009,2.85
Garage rock,2010,2.59
Garage rock,2011,3.14
Garage rock,2012,0.0
Garage rock,2013,2.02
Garage rock,2014,0.0
Garage rock,2015,0.0
Garage rock,2016,0.0
Garage rock,2017,0.0
Garage rock,2018,0.0
Garage rock,2019,0.0
Garage rock,2020,0.0
Glam rock,1954,0.0
Glam rock,1955,0.0
Glam rock,1956,0.0
Glam rock,1957,0.0
Glam rock,1958,0.0
Glam rock,1959,0.0
Glam rock,1960,0.0
Glam rock,1961,0.0
Glam rock,1962,0.0
Glam rock,1963,0.0
Glam rock,1964,0.0
Glam rock,1965,0.0
Glam rock,1966,0.0
Glam rock,1967,0.0
Glam rock,1968,0.0
Glam rock,1969,0.0
Glam rock,1970,0.0
Glam rock,1971,4.55
Glam rock,1972,0.0
Glam rock,1973,1.56
Glam rock,1974,0.0
Glam rock,1975,0.0
Glam rock,1976,0.0
Glam rock,1977,0.0
Glam rock,1978,0.0
Glam rock,1979,0.0
Glam rock,1980,0.66
Glam rock,1981,0.0
Glam rock,1982,0.0
Glam rock,1983,0.0
Glam rock,1984,0.0
Glam rock,1985,1.47
Glam rock,1986,0.7
Glam rock,1987,0.0
Glam rock,1988,0.0
Glam rock,1989,1.09
Glam rock,1990,0.0
Glam rock,1991,0.47
Glam rock,1992,0.38
Glam rock,1993,0.46
Glam rock,1994,0.35
Glam rock,1995,1.05
Glam rock,1996,0.69
Glam rock,1997,0.0
Glam rock,1998,0.33
Glam rock,1999,0.27
Glam rock,2000,0.28
Glam rock,2001,0.85
Glam rock,2002,0.24
Glam rock,2003,0.0
Glam rock,2004,0.2
Glam rock,2005,0.55
Glam rock,2006,0.45
Glam rock,2007,0.28
Glam rock,2008,0.31
Glam rock,2009,0.32
Glam rock,2010,0.0
Glam rock,2011,0.0
Glam rock,2012,0.0
Glam rock,2013,1.01
Glam rock,2014,0.0
Glam rock,2015,0.0
Glam rock,2016,0.0
Glam rock,2017,0.0
Glam rock,2018,0.0
Glam rock,2019,0.0
Glam rock,2020,0.0
Hard rock,1954,0.0
Hard rock,1955,0.0
Hard rock,1956,0.0
Hard rock,1957,0.0
Hard rock,1958,0.0
Hard rock,1959,0.0
Hard rock,1960,0.0
Hard rock,1961,0.0
Hard rock,1962,0.0
Hard rock,1963,0.0
Hard rock,1964,3.97
Hard rock,1965,0.78
Hard rock,1966,1.94
Hard rock,1967,8.57
Hard rock,1968,6.0
Hard rock,1969,17.39
Hard rock,1970,10.14
Hard rock,1971,6.82
Hard rock,1972,16.98
Hard rock,1973,12.5
Hard rock,1974,5.45
Hard rock,1975,13.33
Hard rock,1976,9.38
Hard rock,1977,11.36
Hard rock,1978,3.08
Hard rock,1979,8.25
Hard rock,1980,7.95
Hard rock,1981,5.45
Hard rock,1982,2.63
Hard rock,1983,17.16
Hard rock,1984,8.22
Hard rock,1985,11.76
Hard rock,1986,5.63
Hard rock,1987,15.33
Hard rock,1988,10.81
Hard rock,1989,7.07
Hard rock,1990,6.56
Hard rock,1991,7.01
Hard rock,1992,4.17
Hard rock,1993,4.17
Hard rock,1994,4.26
Hard rock,1995,5.94
Hard rock,1996,8.65
Hard rock,1997,6.9
Hard rock,1998,6.84
Hard rock,1999,6.17
Hard rock,2000,5.23
Hard rock,2001,5.32
Hard rock,2002,5.31
Hard rock,2003,3.46
Hard rock,2004,5.28
Hard rock,2005,4.19
Hard rock,2006,2.93
Hard rock,2007,4.21
Hard rock,2008,4.6
Hard rock,2009,4.43
Hard rock,2010,3.33
Hard rock,2011,3.59
Hard rock,2012,9.63
Hard rock,2013,7.07
Hard rock,2014,2.38
Hard rock,2015,7.14
Hard rock,2016,25.0
Hard rock,2017,0.0
Hard rock,2018,0.0
Hard rock,2019,0.0
Hard rock,2020,0.0
Heavy metal,1954,0.0
Heavy metal,1955,0.0
Heavy metal,1956,0.0
Heavy metal,1957,0.0
Heavy metal,1958,0.0
Heavy metal,1959,0.0
Heavy metal,1960,0.0
Heavy metal,1961,0.0
Heavy metal,1962,0.0
Heavy metal,1963,0.0
Heavy metal,1964,0.79
Heavy metal,1965,0.0
Heavy metal,1966,0.0
Heavy metal,1967,0.95
Heavy metal,1968,6.0
Heavy metal,1969,6.52
Heavy metal,1970,1.45
Heavy metal,1971,4.55
Heavy metal,1972,11.32
Heavy metal,1973,4.69
Heavy metal,1974,0.0
Heavy metal,1975,4.44
Heavy metal,1976,6.25
Heavy metal,1977,4.55
Heavy metal,1978,4.62
Heavy metal,1979,5.15
Heavy metal,1980,5.96
Heavy metal,1981,14.55
Heavy metal,1982,14.47
Heavy metal,1983,14.18
Heavy metal,1984,10.27
Heavy metal,1985,13.97
Heavy metal,1986,9.86
Heavy metal,1987,8.0
Heavy metal,1988,11.71
Heavy metal,1989,8.15
Heavy metal,1990,3.28
Heavy metal,1991,4.67
Heavy metal,1992,3.79
Heavy metal,1993,3.7
Heavy metal,1994,2.48
Heavy metal,1995,3.15
Heavy metal,1996,3.46
Heavy metal,1997,2.19
Heavy metal,1998,3.91
Heavy metal,1999,3.49
Heavy metal,2000,2.48
Heavy metal,2001,3.4
Heavy metal,2002,3.38
Heavy metal,2003,3.08
Heavy metal,2004,3.33
Heavy metal,2005,3.46
Heavy metal,2006,3.6
Heavy metal,2007,1.97
Heavy metal,2008,3.37
Heavy metal,2009,1.9
Heavy metal,2010,3.33
Heavy metal,2011,1.35
Heavy metal,2012,2.96
Heavy metal,2013,5.05
Heavy metal,2014,2.38
Heavy metal,2015,7.14
Heavy metal,2016,12.5
Heavy metal,2017,0.0
Heavy metal,2018,0.0
Heavy metal,2019,0.0
Heavy metal,2020,0.0
Indie rock,1954,0.0
Indie rock,1955,0.0
Indie rock,1956,0.0
Indie rock,1957,0.0
Indie rock,1958,0.0
Indie rock,1959,0.0
Indie rock,1960,0.0
Indie rock,1961,0.0
Indie rock,1962,0.0
Indie rock,1963,0.0
Indie rock,1964,0.0
Indie rock,1965,0.0
Indie rock,1966,0.0
Indie rock,1967,0.0
Indie rock,1968,0.0
Indie rock,1969,0.0
Indie rock,1970,0.0
Indie rock,1971,0.0
Indie rock,1972,0.0
Indie rock,1973,0.0
Indie rock,1974,0.0
Indie rock,1975,4.44
Indie rock,1976,0.0
Indie rock,1977,1.14
Indie rock,1978,0.0
Indie rock,1979,2.06
Indie rock,1980,3.97
Indie rock,1981,2.73
Indie rock,1982,2.63
Indie rock,1983,3.73
Indie rock,1984,7.53
Indie rock,1985,5.88
Indie rock,1986,4.23
Indie rock,1987,5.33
Indie rock,1988,4.5
Indie rock,1989,8.15
Indie rock,1990,12.02
Indie rock,1991,12.15
Indie rock,1992,12.5
Indie rock,1993,12.5
Indie rock,1994,14.18
Indie rock,1995,11.89
Indie rock,1996,12.11
Indie rock,1997,16.3
Indie rock,1998,11.07
Indie rock,1999,14.75
Indie rock,2000,15.7
Indie rock,2001,18.09
Indie rock,2002,15.7
Indie rock,2003,20.58
Indie rock,2004,16.83
Indie rock,2005,16.21
Indie rock,2006,18.47
Indie rock,2007,17.98
Indie rock,2008,16.56
Indie rock,2009,19.62
Indie rock,2010,16.67
Indie rock,2011,17.49
Indie rock,2012,17.78
Indie rock,2013,12.12
Indie rock,2014,16.67
Indie rock,2015,14.29
Indie rock,2016,12.5
Indie rock,2017,0.0
Indie rock,2018,0.0
Indie rock,2019,0.0
Indie rock,2020,0.0
Indietronica,1954,0.0
Indietronica,1955,0.0
Indietronica,1956,0.0
Indietronica,1957,0.0
Indietronica,1958,0.0
Indietronica,1959,0.0
Indietronica,1960,0.0
Indietronica,1961,0.0
Indietronica,1962,0.0
Indietronica,1963,0.0
Indietronica,1964,0.0
Indietronica,1965,0.0
Indietronica,1966,0.0
Indietronica,1967,0.0
Indietronica,1968,0.0
Indietronica,1969,0.0
Indietronica,1970,0.0
Indietronica,1971,0.0
Indietronica,1972,0.0
Indietronica,1973,0.0
Indietronica,1974,0.0
Indietronica,1975,4.44
Indietronica,1976,0.0
Indietronica,1977,1.14
Indietronica,1978,0.0
Indietronica,1979,2.06
Indietronica,1980,3.97
Indietronica,1981,2.73
Indietronica,1982,2.63
Indietronica,1983,3.73
Indietronica,1984,7.53
Indietronica,1985,5.88
Indietronica,1986,4.23
Indietronica,1987,5.33
Indietronica,1988,4.5
Indietronica,1989,8.15
Indietronica,1990,12.02
Indietronica,1991,12.15
Indietronica,1992,12.5
Indietronica,1993,12.5
Indietronica,1994,14.18
Indietronica,1995,11.89
Indietronica,1996,12.11
Indietronica,1997,16.3
Indietronica,1998,11.07
Indietronica,1999,14.75
Indietronica,2000,15.7
Indietronica,2001,18.09
Indietronica,2002,15.7
Indietronica,2003,20.58
Indietronica,2004,16.83
Indietronica,2005,16.21
Indietronica,2006,18.47
Indietronica,2007,17.98
Indietronica,2008,16.56
Indietronica,2009,19.62
Indietronica,2010,16.67
Indietronica,2011,17.49
Indietronica,2012,17.78
Indietronica,2013,12.12
Indietronica,2014,16.67
Indietronica,2015,14.29
Indietronica,2016,12.5
Indietronica,2017,0.0
Indietronica,2018,0.0
Indietronica,2019,0.0
Indietronica,2020,0.0
Industrial rock,1954,0.0
Industrial rock,1955,0.0
Industrial rock,1956,0.0
Industrial rock,1957,0.0
Industrial rock,1958,0.0
Industrial rock,1959,0.0
Industrial rock,1960,0.0
Industrial rock,1961,0.0
Industrial rock,1962,0.0
Industrial rock,1963,0.0
Industrial rock,1964,0.0
Industrial rock,1965,0.0
Industrial rock,1966,0.0
Industrial rock,1967,0.0
Industrial rock,1968,0.0
Industrial rock,1969,0.0
Industrial rock,1970,0.0
Industrial rock,1971,0.0
Industrial rock,1972,0.0
Industrial rock,1973,0.0
Industrial rock,1974,1.82
Industrial rock,1975,2.22
Industrial rock,1976,0.0
Industrial rock,1977,1.14
Industrial rock,1978,1.54
Industrial rock,1979,0.0
Industrial rock,1980,0.0
Industrial rock,1981,0.0
Industrial rock,1982,0.0
Industrial rock,1983,0.0
Industrial rock,1984,0.68
Industrial rock,1985,1.47
Industrial rock,1986,2.11
Industrial rock,1987,1.33
Industrial rock,1988,6.31
Industrial rock,1989,2.72
Industrial rock,1990,2.19
Industrial rock,1991,0.93
Industrial rock,1992,0.76
Industrial rock,1993,0.93
Industrial rock,1994,1.42
Industrial rock,1995,1.75
Industrial rock,1996,1.73
Industrial rock,1997,0.63
Industrial rock,1998,0.98
Industrial rock,1999,0.54
Industrial rock,2000,1.1
Industrial rock,2001,0.85
Industrial rock,2002,0.48
Industrial rock,2003,0.58
Industrial rock,2004,0.2
Industrial rock,2005,0.73
Industrial rock,2006,0.45
Industrial rock,2007,0.28
Industrial rock,2008,0.92
Industrial rock,2009,0.32
Industrial rock,2010,0.37
Industrial rock,2011,0.45
Industrial rock,2012,0.0
Industrial rock,2013,1.01
Industrial rock,2014,0.0
Industrial rock,2015,0.0
Industrial rock,2016,0.0
Industrial rock,2017,0.0
Industrial rock,2018,0.0
Industrial rock,2019,0.0
Industrial rock,2020,0.0
Jazz fusion,1954,0.0
Jazz fusion,1955,0.0
Jazz fusion,1956,0.0
Jazz fusion,1957,0.0
Jazz fusion,1958,0.0
Jazz fusion,1959,0.0
Jazz fusion,1960,0.0
Jazz fusion,1961,0.0
Jazz fusion,1962,0.0
Jazz fusion,1963,0.0
Jazz fusion,1964,0.0
Jazz fusion,1965,0.78
Jazz fusion,1966,0.97
Jazz fusion,1967,1.9
Jazz fusion,1968,2.0
Jazz fusion,1969,1.09
Jazz fusion,1970,7.25
Jazz fusion,1971,2.27
Jazz fusion,1972,1.89
Jazz fusion,1973,1.56
Jazz fusion,1974,5.45
Jazz fusion,1975,0.0
Jazz fusion,1976,6.25
Jazz fusion,1977,4.55
Jazz fusion,1978,1.54
Jazz fusion,1979,0.0
Jazz fusion,1980,0.0
Jazz fusion,1981,0.0
Jazz fusion,1982,0.0
Jazz fusion,1983,0.0
Jazz fusion,1984,1.37
Jazz fusion,1985,0.74
Jazz fusion,1986,2.11
Jazz fusion,1987,0.0
Jazz fusion,1988,1.8
Jazz fusion,1989,0.0
Jazz fusion,1990,1.64
Jazz fusion,1991,0.47
Jazz fusion,1992,1.89
Jazz fusion,1993,1.39
Jazz fusion,1994,0.0
Jazz fusion,1995,0.7
Jazz fusion,1996,0.35
Jazz fusion,1997,0.94
Jazz fusion,1998,0.33
Jazz fusion,1999,1.07
Jazz fusion,2000,1.1
Jazz fusion,2001,1.06
Jazz fusion,2002,0.48
Jazz fusion,2003,0.0
Jazz fusion,2004,0.39
Jazz fusion,2005,0.36
Jazz fusion,2006,0.45
Jazz fusion,2007,0.0
Jazz fusion,2008,0.61
Jazz fusion,2009,0.0
Jazz fusion,2010,0.37
Jazz fusion,2011,0.0
Jazz fusion,2012,0.74
Jazz fusion,2013,0.0
Jazz fusion,2014,2.38
Jazz fusion,2015,0.0
Jazz fusion,2016,0.0
Jazz fusion,2017,0.0
Jazz fusion,2018,0.0
Jazz fusion,2019,0.0
Jazz fusion,2020,0.0
Jazz rock,1954,0.0
Jazz rock,1955,0.0
Jazz rock,1956,0.0
Jazz rock,1957,0.0
Jazz rock,1958,0.0
Jazz rock,1959,0.0
Jazz rock,1960,0.0
Jazz rock,1961,0.0
Jazz rock,1962,0.0
Jazz rock,1963,0.0
Jazz rock,1964,0.0
Jazz rock,1965,0.78
Jazz rock,1966,0.97
Jazz rock,1967,1.9
Jazz rock,1968,2.0
Jazz rock,1969,1.09
Jazz rock,1970,7.25
Jazz rock,1971,2.27
Jazz rock,1972,1.89
Jazz rock,1973,1.56
Jazz rock,1974,5.45
Jazz rock,1975,0.0
Jazz rock,1976,6.25
Jazz rock,1977,4.55
Jazz rock,1978,1.54
Jazz rock,1979,0.0
Jazz rock,1980,0.0
Jazz rock,1981,0.0
Jazz rock,1982,0.0
Jazz rock,1983,0.0
Jazz rock,1984,1.37
Jazz rock,1985,0.74
Jazz rock,1986,2.11
Jazz rock,1987,0.0
Jazz rock,1988,1.8
Jazz rock,1989,0.0
Jazz rock,1990,1.64
Jazz rock,1991,0.47
Jazz rock,1992,1.89
Jazz rock,1993,1.39
Jazz rock,1994,0.0
Jazz rock,1995,0.7
Jazz rock,1996,0.35
Jazz rock,1997,0.94
Jazz rock,1998,0.33
Jazz rock,1999,1.07
Jazz rock,2000,1.1
Jazz rock,2001,1.06
Jazz rock,2002,0.48
Jazz rock,2003,0.0
Jazz rock,2004,0.39
Jazz rock,2005,0.36
Jazz rock,2006,0.45
Jazz rock,2007,0.0
Jazz rock,2008,0.61
Jazz rock,2009,0.0
Jazz rock,2010,0.37
Jazz rock,2011,0.0
Jazz rock,2012,0.74
Jazz rock,2013,0.0
Jazz rock,2014,2.38
Jazz rock,2015,0.0
Jazz rock,2016,0.0
Jazz rock,2017,0.0
Jazz rock,2018,0.0
Jazz rock,2019,0.0
Jazz rock,2020,0.0
New wave,1954,0.0
New wave,1955,0.0
New wave,1956,0.0
New wave,1957,0.0
New wave,1958,0.0
New wave,1959,0.0
New wave,1960,0.0
New wave,1961,0.0
New wave,1962,0.0
New wave,1963,0.0
New wave,1964,0.0
New wave,1965,0.0
New wave,1966,0.0
New wave,1967,0.95
New wave,1968,0.0
New wave,1969,0.0
New wave,1970,0.0
New wave,1971,0.0
New wave,1972,1.89
New wave,1973,3.12
New wave,1974,10.91
New wave,1975,8.89
New wave,1976,7.81
New wave,1977,9.09
New wave,1978,15.38
New wave,1979,8.25
New wave,1980,11.92
New wave,1981,4.55
New wave,1982,10.53
New wave,1983,5.22
New wave,1984,2.74
New wave,1985,2.21
New wave,1986,3.52
New wave,1987,1.33
New wave,1988,0.0
New wave,1989,0.0
New wave,1990,0.55
New wave,1991,0.47
New wave,1992,0.0
New wave,1993,0.0
New wave,1994,0.35
New wave,1995,1.75
New wave,1996,2.08
New wave,1997,0.31
New wave,1998,2.28
New wave,1999,0.27
New wave,2000,1.1
New wave,2001,1.49
New wave,2002,1.21
New wave,2003,0.96
New wave,2004,0.59
New wave,2005,1.28
New wave,2006,1.13
New wave,2007,1.69
New wave,2008,0.31
New wave,2009,0.32
New wave,2010,0.74
New wave,2011,0.0
New wave,2012,0.0
New wave,2013,1.01
New wave,2014,2.38
New wave,2015,0.0
New wave,2016,0.0
New wave,2017,0.0
New wave,2018,0.0
New wave,2019,0.0
New wave,2020,0.0
Noise rock,1954,0.0
Noise rock,1955,0.0
Noise rock,1956,0.0
Noise rock,1957,0.0
Noise rock,1958,0.0
Noise rock,1959,0.0
Noise rock,1960,0.0
Noise rock,1961,0.0
Noise rock,1962,0.0
Noise rock,1963,0.0
Noise rock,1964,0.0
Noise rock,1965,0.0
Noise rock,1966,0.97
Noise rock,1967,0.0
Noise rock,1968,0.0
Noise rock,1969,0.0
Noise rock,1970,0.0
Noise rock,1971,0.0
Noise rock,1972,0.0
Noise rock,1973,1.56
Noise rock,1974,0.0
Noise rock,1975,2.22
Noise rock,1976,0.0
Noise rock,1977,0.0
Noise rock,1978,0.0
Noise rock,1979,1.03
Noise rock,1980,1.32
Noise rock,1981,4.55
Noise rock,1982,5.26
Noise rock,1983,2.24
Noise rock,1984,3.42
Noise rock,1985,5.15
Noise rock,1986,4.93
Noise rock,1987,6.0
Noise rock,1988,1.8
Noise rock,1989,2.17
Noise rock,1990,2.73
Noise rock,1991,5.61
Noise rock,1992,3.79
Noise rock,1993,2.31
Noise rock,1994,3.19
Noise rock,1995,1.05
Noise rock,1996,1.73
Noise rock,1997,1.88
Noise rock,1998,2.28
Noise rock,1999,1.34
Noise rock,2000,1.38
Noise rock,2001,2.55
Noise rock,2002,0.97
Noise rock,2003,0.96
Noise rock,2004,0.98
Noise rock,2005,0.73
Noise rock,2006,0.45
Noise rock,2007,0.84
Noise rock,2008,1.84
Noise rock,2009,0.32
Noise rock,2010,1.85
Noise rock,2011,0.45
Noise rock,2012,1.48
Noise rock,2013,2.02
Noise rock,2014,0.0
Noise rock,2015,0.0
Noise rock,2016,0.0
Noise rock,2017,0.0
Noise rock,2018,0.0
Noise rock,2019,0.0
Noise rock,2020,0.0
Pop rock,1954,0.0
Pop rock,1955,0.0
Pop rock,1956,0.0
Pop rock,1957,0.0
Pop rock,1958,33.33
Pop rock,1959,0.0
Pop rock,1960,3.57
Pop rock,1961,0.0
Pop rock,1962,10.0
Pop rock,1963,6.06
Pop rock,1964,4.76
Pop rock,1965,5.43
Pop rock,1966,3.88
Pop rock,1967,2.86
Pop rock,1968,2.0
Pop rock,1969,2.17
Pop rock,1970,8.7
Pop rock,1971,6.82
Pop rock,1972,3.77
Pop rock,1973,1.56
Pop rock,1974,7.27
Pop rock,1975,4.44
Pop rock,1976,3.12
Pop rock,1977,5.68
Pop rock,1978,3.08
Pop rock,1979,0.0
Pop rock,1980,3.97
Pop rock,1981,1.82
Pop rock,1982,6.58
Pop rock,1983,1.49
Pop rock,1984,4.11
Pop rock,1985,0.74
Pop rock,1986,2.11
Pop rock,1987,2.67
Pop rock,1988,0.0
Pop rock,1989,1.63
Pop rock,1990,1.09
Pop rock,1991,1.87
Pop rock,1992,1.14
Pop rock,1993,2.78
Pop rock,1994,1.77
Pop rock,1995,1.75
Pop rock,1996,1.73
Pop rock,1997,2.82
Pop rock,1998,1.3
Pop rock,1999,2.14
Pop rock,2000,2.2
Pop rock,2001,2.13
Pop rock,2002,3.14
Pop rock,2003,2.5
Pop rock,2004,4.11
Pop rock,2005,4.19
Pop rock,2006,4.73
Pop rock,2007,3.93
Pop rock,2008,5.52
Pop rock,2009,1.9
Pop rock,2010,2.59
Pop rock,2011,2.24
Pop rock,2012,2.22
Pop rock,2013,5.05
Pop rock,2014,0.0
Pop rock,2015,14.29
Pop rock,2016,0.0
Pop rock,2017,0.0
Pop rock,2018,0.0
Pop rock,2019,0.0
Pop rock,2020,0.0
Post-punk,1954,0.0
Post-punk,1955,0.0
Post-punk,1956,0.0
Post-punk,1957,0.0
Post-punk,1958,0.0
Post-punk,1959,0.0
Post-punk,1960,0.0
Post-punk,1961,0.0
Post-punk,1962,0.0
Post-punk,1963,0.0
Post-punk,1964,0.0
Post-punk,1965,0.0
Post-punk,1966,0.0
Post-punk,1967,0.0
Post-punk,1968,0.0
Post-punk,1969,0.0
Post-punk,1970,0.0
Post-punk,1971,0.0
Post-punk,1972,0.0
Post-punk,1973,3.12
Post-punk,1974,3.64
Post-punk,1975,8.89
Post-punk,1976,1.56
Post-punk,1977,4.55
Post-punk,1978,12.31
Post-punk,1979,14.43
Post-punk,1980,7.28
Post-punk,1981,10.0
Post-punk,1982,7.89
Post-punk,1983,3.73
Post-punk,1984,3.42
Post-punk,1985,1.47
Post-punk,1986,2.82
Post-punk,1987,3.33
Post-punk,1988,1.8
Post-punk,1989,0.54
Post-punk,1990,1.64
Post-punk,1991,1.87
Post-punk,1992,1.14
Post-punk,1993,0.93
Post-punk,1994,1.77
Post-punk,1995,1.4
Post-punk,1996,2.08
Post-punk,1997,0.94
Post-punk,1998,0.33
Post-punk,1999,1.34
Post-punk,2000,1.93
Post-punk,2001,0.64
Post-punk,2002,1.21
Post-punk,2003,1.35
Post-punk,2004,1.17
Post-punk,2005,1.46
Post-punk,2006,1.13
Post-punk,2007,2.53
Post-punk,2008,1.53
Post-punk,2009,0.95
Post-punk,2010,1.85
Post-punk,2011,0.45
Post-punk,2012,0.74
Post-punk,2013,1.01
Post-punk,2014,4.76
Post-punk,2015,0.0
Post-punk,2016,0.0
Post-punk,2017,0.0
Post-punk,2018,0.0
Post-punk,2019,0.0
Post-punk,2020,0.0
Post-rock,1954,0.0
Post-rock,1955,0.0
Post-rock,1956,0.0
Post-rock,1957,0.0
Post-rock,1958,0.0
Post-rock,1959,0.0
Post-rock,1960,0.0
Post-rock,1961,0.0
Post-rock,1962,0.0
Post-rock,1963,0.0
Post-rock,1964,0.0
Post-rock,1965,0.0
Post-rock,1966,0.0
Post-rock,1967,0.0
Post-rock,1968,0.0
Post-rock,1969,0.0
Post-rock,1970,0.0
Post-rock,1971,0.0
Post-rock,1972,0.0
Post-rock,1973,0.0
Post-rock,1974,0.0
Post-rock,1975,0.0
Post-rock,1976,0.0
Post-rock,1977,0.0
Post-rock,1978,1.54
Post-rock,1979,1.03
Post-rock,1980,0.0
Post-rock,1981,0.0
Post-rock,1982,1.32
Post-rock,1983,0.0
Post-rock,1984,0.0
Post-rock,1985,0.0
Post-rock,1986,0.7
Post-rock,1987,0.67
Post-rock,1988,0.0
Post-rock,1989,1.63
Post-rock,1990,2.73
Post-rock,1991,3.74
Post-rock,1992,0.76
Post-rock,1993,0.46
Post-rock,1994,3.19
Post-rock,1995,2.45
Post-rock,1996,1.04
Post-rock,1997,2.51
Post-rock,1998,3.26
Post-rock,1999,1.88
Post-rock,2000,2.75
Post-rock,2001,1.06
Post-rock,2002,1.45
Post-rock,2003,2.12
Post-rock,2004,0.98
Post-rock,2005,2.91
Post-rock,2006,0.9
Post-rock,2007,1.12
Post-rock,2008,0.61
Post-rock,2009,0.63
Post-rock,2010,1.85
Post-rock,2011,1.35
Post-rock,2012,0.0
Post-rock,2013,1.01
Post-rock,2014,2.38
Post-rock,2015,0.0
Post-rock,2016,0.0
Post-rock,2017,0.0
Post-rock,2018,0.0
Post-rock,2019,0.0
Post-rock,2020,0.0
Power pop,1954,0.0
Power pop,1955,0.0
Power pop,1956,0.0
Power pop,1957,0.0
Power pop,1958,0.0
Power pop,1959,0.0
Power pop,1960,0.0
Power pop,1961,0.0
Power pop,1962,0.0
Power pop,1963,3.03
Power pop,1964,0.0
Power pop,1965,0.78
Power pop,1966,0.0
Power pop,1967,0.95
Power pop,1968,0.0
Power pop,1969,2.17
Power pop,1970,2.9
Power pop,1971,4.55
Power pop,1972,3.77
Power pop,1973,4.69
Power pop,1974,5.45
Power pop,1975,4.44
Power pop,1976,4.69
Power pop,1977,3.41
Power pop,1978,7.69
Power pop,1979,5.15
Power pop,1980,3.97
Power pop,1981,1.82
Power pop,1982,5.26
Power pop,1983,0.0
Power pop,1984,2.05
Power pop,1985,2.94
Power pop,1986,2.11
Power pop,1987,2.0
Power pop,1988,1.8
Power pop,1989,2.72
Power pop,1990,1.64
Power pop,1991,2.8
Power pop,1992,2.65
Power pop,1993,1.85
Power pop,1994,1.77
Power pop,1995,4.2
Power pop,1996,2.77
Power pop,1997,2.51
Power pop,1998,2.28
Power pop,1999,1.88
Power pop,2000,2.2
Power pop,2001,1.7
Power pop,2002,1.45
Power pop,2003,2.31
Power pop,2004,2.15
Power pop,2005,2.37
Power pop,2006,2.7
Power pop,2007,1.69
Power pop,2008,0.92
Power pop,2009,1.9
Power pop,2010,2.96
Power pop,2011,2.24
Power pop,2012,2.22
Power pop,2013,2.02
Power pop,2014,4.76
Power pop,2015,0.0
Power pop,2016,0.0
Power pop,2017,0.0
Power pop,2018,0.0
Power pop,2019,0.0
Power pop,2020,0.0
Progressive rock,1954,0.0
Progressive rock,1955,0.0
Progressive rock,1956,0.0
Progressive rock,1957,0.0
Progressive rock,1958,0.0
Progressive rock,1959,0.0
Progressive rock,1960,0.0
Progressive rock,1961,0.0
Progressive rock,1962,0.0
Progressive rock,1963,0.0
Progressive rock,1964,0.0
Progressive rock,1965,0.0
Progressive rock,1966,0.0
Progressive rock,1967,2.86
Progressive rock,1968,6.0
Progressive rock,1969,8.7
Progressive rock,1970,7.25
Progressive rock,1971,9.09
Progressive rock,1972,3.77
Progressive rock,1973,7.81
Progressive rock,1974,3.64
Progressive rock,1975,4.44
Progressive rock,1976,6.25
Progressive rock,1977,2.27
Progressive rock,1978,0.0
Progressive rock,1979,3.09
Progressive rock,1980,0.0
Progressive rock,1981,1.82
Progressive rock,1982,0.0
Progressive rock,1983,0.0
Progressive rock,1984,1.37
Progressive rock,1985,3.68
Progressive rock,1986,3.52
Progressive rock,1987,2.0
Progressive rock,1988,2.7
Progressive rock,1989,2.17
Progressive rock,1990,1.09
Progressive rock,1991,2.34
Progressive rock,1992,2.65
Progressive rock,1993,0.93
Progressive rock,1994,1.77
Progressive rock,1995,3.15
Progressive rock,1996,1.04
Progressive rock,1997,1.88
Progressive rock,1998,2.93
Progressive rock,1999,4.29
Progressive rock,2000,2.48
Progressive rock,2001,2.13
Progressive rock,2002,2.9
Progressive rock,2003,2.12
Progressive rock,2004,2.15
Progressive rock,2005,3.64
Progressive rock,2006,3.6
Progressive rock,2007,1.97
Progressive rock,2008,0.92
Progressive rock,2009,2.22
Progressive rock,2010,1.11
Progressive rock,2011,0.9
Progressive rock,2012,1.48
Progressive rock,2013,3.03
Progressive rock,2014,0.0
Progressive rock,2015,0.0
Progressive rock,2016,0.0
Progressive rock,2017,0.0
Progressive rock,2018,0.0
Progressive rock,2019,0.0
Progressive rock,2020,0.0
Proto-punk,1954,0.0
Proto-punk,1955,0.0
Proto-punk,1956,0.0
Proto-punk,1957,0.0
Proto-punk,1958,0.0
Proto-punk,1959,0.0
Proto-punk,1960,3.57
Proto-punk,1961,0.0
Proto-punk,1962,10.0
Proto-punk,1963,0.0
Proto-punk,1964,5.56
Proto-punk,1965,4.65
Proto-punk,1966,3.88
Proto-punk,1967,0.95
Proto-punk,1968,2.0
Proto-punk,1969,0.0
Proto-punk,1970,4.35
Proto-punk,1971,2.27
Proto-punk,1972,0.0
Proto-punk,1973,4.69
Proto-punk,1974,1.82
Proto-punk,1975,0.0
Proto-punk,1976,0.0
Proto-punk,1977,0.0
Proto-punk,1978,0.0
Proto-punk,1979,0.0
Proto-punk,1980,0.0
Proto-punk,1981,0.0
Proto-punk,1982,0.0
Proto-punk,1983,0.0
Proto-punk,1984,0.0
Proto-punk,1985,0.0
Proto-punk,1986,0.0
Proto-punk,1987,0.0
Proto-punk,1988,0.0
Proto-punk,1989,0.0
Proto-punk,1990,0.0
Proto-punk,1991,0.0
Proto-punk,1992,0.0
Proto-punk,1993,0.0
Proto-punk,1994,0.0
Proto-punk,1995,0.0
Proto-punk,1996,0.0
Proto-punk,1997,0.0
Proto-punk,1998,0.0
Proto-punk,1999,0.0
Proto-punk,2000,0.0
Proto-punk,2001,0.0
Proto-punk,2002,0.0
Proto-punk,2003,0.0
Proto-punk,2004,0.0
Proto-punk,2005,0.0
Proto-punk,2006,0.0
Proto-punk,2007,0.0
Proto-punk,2008,0.0
Proto-punk,2009,0.0
Proto-punk,2010,0.0
Proto-punk,2011,0.0
Proto-punk,2012,0.0
Proto-punk,2013,0.0
Proto-punk,2014,0.0
Proto-punk,2015,0.0
Proto-punk,2016,0.0
Proto-punk,2017,0.0
Proto-punk,2018,0.0
Proto-punk,2019,0.0
Proto-punk,2020,0.0
Psychedelic rock,1954,25.0
Psychedelic rock,1955,0.0
Psychedelic rock,1956,0.0
Psychedelic rock,1957,0.0
Psychedelic rock,1958,0.0
Psychedelic rock,1959,0.0
Psychedelic rock,1960,17.86
Psychedelic rock,1961,0.0
Psychedelic rock,1962,10.0
Psychedelic rock,1963,15.15
Psychedelic rock,1964,15.87
Psychedelic rock,1965,26.36
Psychedelic rock,1966,31.07
Psychedelic rock,1967,27.62
Psychedelic rock,1968,16.0
Psychedelic rock,1969,7.61
Psychedelic rock,1970,7.25
Psychedelic rock,1971,4.55
Psychedelic rock,1972,0.0
Psychedelic rock,1973,4.69
Psychedelic rock,1974,0.0
Psychedelic rock,1975,0.0
Psychedelic rock,1976,0.0
Psychedelic rock,1977,0.0
Psychedelic rock,1978,0.0
Psychedelic rock,1979,0.0
Psychedelic rock,1980,3.31
Psychedelic rock,1981,0.91
Psychedelic rock,1982,0.0
Psychedelic rock,1983,1.49
Psychedelic rock,1984,4.79
Psychedelic rock,1985,0.74
Psychedelic rock,1986,2.11
Psychedelic rock,1987,2.67
Psychedelic rock,1988,1.8
Psychedelic rock,1989,3.8
Psychedelic rock,1990,2.73
Psychedelic rock,1991,1.4
Psychedelic rock,1992,3.41
Psychedelic rock,1993,1.39
Psychedelic rock,1994,1.77
Psychedelic rock,1995,1.05
Psychedelic rock,1996,1.38
Psychedelic rock,1997,2.19
Psychedelic rock,1998,3.91
Psychedelic rock,1999,2.68
Psychedelic rock,2000,2.75
Psychedelic rock,2001,1.28
Psychedelic rock,2002,2.17
Psychedelic rock,2003,1.73
Psychedelic rock,2004,1.76
Psychedelic rock,2005,2.19
Psychedelic rock,2006,1.8
Psychedelic rock,2007,1.12
Psychedelic rock,2008,2.45
Psychedelic rock,2009,3.48
Psychedelic rock,2010,4.07
Psychedelic rock,2011,2.69
Psychedelic rock,2012,0.74
Psychedelic rock,2013,3.03
Psychedelic rock,2014,4.76
Psychedelic rock,2015,0.0
Psychedelic rock,2016,0.0
Psychedelic rock,2017,0.0
Psychedelic rock,2018,0.0
Psychedelic rock,2019,0.0
Psychedelic rock,2020,0.0
Punk rock,1954,0.0
Punk rock,1955,0.0
Punk rock,1956,0.0
Punk rock,1957,0.0
Punk rock,1958,0.0
Punk rock,1959,0.0
Punk rock,1960,0.0
Punk rock,1961,0.0
Punk rock,1962,0.0
Punk rock,1963,0.0
Punk rock,1964,0.0
Punk rock,1965,0.0
Punk rock,1966,0.0
Punk rock,1967,0.95
Punk rock,1968,0.0
Punk rock,1969,0.0
Punk rock,1970,0.0
Punk rock,1971,0.0
Punk rock,1972,5.66
Punk rock,1973,7.81
Punk rock,1974,5.45
Punk rock,1975,8.89
Punk rock,1976,17.19
Punk rock,1977,19.32
Punk rock,1978,20.0
Punk rock,1979,17.53
Punk rock,1980,17.22
Punk rock,1981,19.09
Punk rock,1982,14.47
Punk rock,1983,12.69
Punk rock,1984,6.85
Punk rock,1985,10.29
Punk rock,1986,12.68
Punk rock,1987,8.0
Punk rock,1988,7.21
Punk rock,1989,13.04
Punk rock,1990,8.74
Punk rock,1991,9.81
Punk rock,1992,8.71
Punk rock,1993,11.57
Punk rock,1994,10.28
Punk rock,1995,9.79
Punk rock,1996,11.07
Punk rock,1997,8.78
Punk rock,1998,6.19
Punk rock,1999,8.58
Punk rock,2000,6.61
Punk rock,2001,5.53
Punk rock,2002,7.0
Punk rock,2003,5.0
Punk rock,2004,6.07
Punk rock,2005,5.46
Punk rock,2006,4.28
Punk rock,2007,7.02
Punk rock,2008,6.44
Punk rock,2009,4.43
Punk rock,2010,5.93
Punk rock,2011,7.17
Punk rock,2012,5.19
Punk rock,2013,6.06
Punk rock,2014,7.14
Punk rock,2015,14.29
Punk rock,2016,0.0
Punk rock,2017,0.0
Punk rock,2018,0.0
Punk rock,2019,0.0
Punk rock,2020,0.0
Raga rock,1954,0.0
Raga rock,1955,0.0
Raga rock,1956,0.0
Raga rock,1957,0.0
Raga rock,1958,0.0
Raga rock,1959,0.0
Raga rock,1960,0.0
Raga rock,1961,0.0
Raga rock,1962,0.0
Raga rock,1963,0.0
Raga rock,1964,0.79
Raga rock,1965,0.0
Raga rock,1966,0.0
Raga rock,1967,0.0
Raga rock,1968,0.0
Raga rock,1969,0.0
Raga rock,1970,0.0
Raga rock,1971,0.0
Raga rock,1972,0.0
Raga rock,1973,0.0
Raga rock,1974,0.0
Raga rock,1975,0.0
Raga rock,1976,0.0
Raga rock,1977,0.0
Raga rock,1978,0.0
Raga rock,1979,0.0
Raga rock,1980,0.0
Raga rock,1981,0.0
Raga rock,1982,0.0
Raga rock,1983,0.0
Raga rock,1984,0.0
Raga rock,1985,0.0
Raga rock,1986,0.0
Raga rock,1987,0.0
Raga rock,1988,0.0
Raga rock,1989,0.0
Raga rock,1990,0.0
Raga rock,1991,0.0
Raga rock,1992,0.0
Raga rock,1993,0.0
Raga rock,1994,0.0
Raga rock,1995,0.0
Raga rock,1996,0.0
Raga rock,1997,0.0
Raga rock,1998,0.0
Raga rock,1999,0.0
Raga rock,2000,0.0
Raga rock,2001,0.0
Raga rock,2002,0.0
Raga rock,2003,0.0
Raga rock,2004,0.0
Raga rock,2005,0.0
Raga rock,2006,0.0
Raga rock,2007,0.0
Raga rock,2008,0.0
Raga rock,2009,0.0
Raga rock,2010,0.0
Raga rock,2011,0.0
Raga rock,2012,0.0
Raga rock,2013,0.0
Raga rock,2014,0.0
Raga rock,2015,0.0
Raga rock,2016,0.0
Raga rock,2017,0.0
Raga rock,2018,0.0
Raga rock,2019,0.0
Raga rock,2020,0.0
Rap rock,1954,0.0
Rap rock,1955,0.0
Rap rock,1956,0.0
Rap rock,1957,0.0
Rap rock,1958,0.0
Rap rock,1959,0.0
Rap rock,1960,0.0
Rap rock,1961,0.0
Rap rock,1962,0.0
Rap rock,1963,0.0
Rap rock,1964,0.0
Rap rock,1965,0.0
Rap rock,1966,0.0
Rap rock,1967,0.0
Rap rock,1968,0.0
Rap rock,1969,0.0
Rap rock,1970,0.0
Rap rock,1971,0.0
Rap rock,1972,0.0
Rap rock,1973,0.0
Rap rock,1974,0.0
Rap rock,1975,0.0
Rap rock,1976,0.0
Rap rock,1977,0.0
Rap rock,1978,0.0
Rap rock,1979,0.0
Rap rock,1980,0.66
Rap rock,1981,0.91
Rap rock,1982,0.0
Rap rock,1983,0.75
Rap rock,1984,0.0
Rap rock,1985,0.0
Rap rock,1986,0.0
Rap rock,1987,1.33
Rap rock,1988,1.8
Rap rock,1989,0.54
Rap rock,1990,0.55
Rap rock,1991,0.93
Rap rock,1992,1.52
Rap rock,1993,0.0
Rap rock,1994,0.71
Rap rock,1995,1.4
Rap rock,1996,1.73
Rap rock,1997,0.0
Rap rock,1998,0.65
Rap rock,1999,0.27
Rap rock,2000,0.28
Rap rock,2001,0.0
Rap rock,2002,0.24
Rap rock,2003,0.38
Rap rock,2004,0.2
Rap rock,2005,0.18
Rap rock,2006,0.23
Rap rock,2007,0.28
Rap rock,2008,0.61
Rap rock,2009,0.0
Rap rock,2010,0.0
Rap rock,2011,0.0
Rap rock,2012,0.0
Rap rock,2013,0.0
Rap rock,2014,0.0
Rap rock,2015,0.0
Rap rock,2016,12.5
Rap rock,2017,0.0
Rap rock,2018,0.0
Rap rock,2019,0.0
Rap rock,2020,0.0
Rapcore,1954,0.0
Rapcore,1955,0.0
Rapcore,1956,0.0
Rapcore,1957,0.0
Rapcore,1958,0.0
Rapcore,1959,0.0
Rapcore,1960,0.0
Rapcore,1961,0.0
Rapcore,1962,0.0
Rapcore,1963,0.0
Rapcore,1964,0.0
Rapcore,1965,0.0
Rapcore,1966,0.0
Rapcore,1967,0.0
Rapcore,1968,0.0
Rapcore,1969,0.0
Rapcore,1970,0.0
Rapcore,1971,0.0
Rapcore,1972,0.0
Rapcore,1973,0.0
Rapcore,1974,0.0
Rapcore,1975,0.0
Rapcore,1976,0.0
Rapcore,1977,0.0
Rapcore,1978,0.0
Rapcore,1979,0.0
Rapcore,1980,0.66
Rapcore,1981,0.91
Rapcore,1982,0.0
Rapcore,1983,0.75
Rapcore,1984,0.0
Rapcore,1985,0.0
Rapcore,1986,0.0
Rapcore,1987,1.33
Rapcore,1988,1.8
Rapcore,1989,0.54
Rapcore,1990,0.55
Rapcore,1991,0.93
Rapcore,1992,1.52
Rapcore,1993,0.0
Rapcore,1994,0.71
Rapcore,1995,1.4
Rapcore,1996,1.73
Rapcore,1997,0.0
Rapcore,1998,0.65
Rapcore,1999,0.27
Rapcore,2000,0.28
Rapcore,2001,0.0
Rapcore,2002,0.24
Rapcore,2003,0.38
Rapcore,2004,0.2
Rapcore,2005,0.18
Rapcore,2006,0.23
Rapcore,2007,0.28
Rapcore,2008,0.61
Rapcore,2009,0.0
Rapcore,2010,0.0
Rapcore,2011,0.0
Rapcore,2012,0.0
Rapcore,2013,0.0
Rapcore,2014,0.0
Rapcore,2015,0.0
Rapcore,2016,12.5
Rapcore,2017,0.0
Rapcore,2018,0.0
Rapcore,2019,0.0
Rapcore,2020,0.0
Reggae rock,1954,0.0
Reggae rock,1955,0.0
Reggae rock,1956,0.0
Reggae rock,1957,0.0
Reggae rock,1958,0.0
Reggae rock,1959,0.0
Reggae rock,1960,0.0
Reggae rock,1961,0.0
Reggae rock,1962,0.0
Reggae rock,1963,0.0
Reggae rock,1964,0.0
Reggae rock,1965,0.0
Reggae rock,1966,0.0
Reggae rock,1967,0.0
Reggae rock,1968,0.0
Reggae rock,1969,0.0
Reggae rock,1970,0.0
Reggae rock,1971,0.0
Reggae rock,1972,0.0
Reggae rock,1973,0.0
Reggae rock,1974,0.0
Reggae rock,1975,0.0
Reggae rock,1976,0.0
Reggae rock,1977,0.0
Reggae rock,1978,0.0
Reggae rock,1979,0.0
Reggae rock,1980,0.0
Reggae rock,1981,0.0
Reggae rock,1982,0.0
Reggae rock,1983,0.0
Reggae rock,1984,0.0
Reggae rock,1985,0.0
Reggae rock,1986,0.0
Reggae rock,1987,0.0
Reggae rock,1988,0.9
Reggae rock,1989,0.54
Reggae rock,1990,0.0
Reggae rock,1991,0.47
Reggae rock,1992,0.38
Reggae rock,1993,0.0
Reggae rock,1994,0.35
Reggae rock,1995,0.7
Reggae rock,1996,0.0
Reggae rock,1997,0.63
Reggae rock,1998,0.33
Reggae rock,1999,0.0
Reggae rock,2000,0.28
Reggae rock,2001,0.0
Reggae rock,2002,0.48
Reggae rock,2003,0.19
Reggae rock,2004,1.17
Reggae rock,2005,0.18
Reggae rock,2006,0.23
Reggae rock,2007,0.0
Reggae rock,2008,0.0
Reggae rock,2009,0.32
Reggae rock,2010,0.74
Reggae rock,2011,0.0
Reggae rock,2012,0.0
Reggae rock,2013,0.0
Reggae rock,2014,0.0
Reggae rock,2015,0.0
Reggae rock,2016,0.0
Reggae rock,2017,0.0
Reggae rock,2018,0.0
Reggae rock,2019,0.0
Reggae rock,2020,0.0
Rock music,1954,75.0
Rock music,1955,0.0
Rock music,1956,100.0
Rock music,1957,0.0
Rock music,1958,0.0
Rock music,1959,0.0
Rock music,1960,7.14
Rock music,1961,33.33
Rock music,1962,6.67
Rock music,1963,12.12
Rock music,1964,4.76
Rock music,1965,6.2
Rock music,1966,4.85
Rock music,1967,8.57
Rock music,1968,8.0
Rock music,1969,10.87
Rock music,1970,14.49
Rock music,1971,15.91
Rock music,1972,20.75
Rock music,1973,15.62
Rock music,1974,10.91
Rock music,1975,11.11
Rock music,1976,12.5
Rock music,1977,11.36
Rock music,1978,6.15
Rock music,1979,5.15
Rock music,1980,7.95
Rock music,1981,3.64
Rock music,1982,3.95
Rock music,1983,6.72
Rock music,1984,4.79
Rock music,1985,5.88
Rock music,1986,9.15
Rock music,1987,4.67
Rock music,1988,4.5
Rock music,1989,5.43
Rock music,1990,6.56
Rock music,1991,4.21
Rock music,1992,5.3
Rock music,1993,6.48
Rock music,1994,5.67
Rock music,1995,3.85
Rock music,1996,4.15
Rock music,1997,7.84
Rock music,1998,9.12
Rock music,1999,5.63
Rock music,2000,7.44
Rock music,2001,7.45
Rock music,2002,7.25
Rock music,2003,8.27
Rock music,2004,8.22
Rock music,2005,9.47
Rock music,2006,6.98
Rock music,2007,6.18
Rock music,2008,9.51
Rock music,2009,6.33
Rock music,2010,6.67
Rock music,2011,8.07
Rock music,2012,8.15
Rock music,2013,8.08
Rock music,2014,7.14
Rock music,2015,14.29
Rock music,2016,0.0
Rock music,2017,0.0
Rock music,2018,0.0
Rock music,2019,0.0
Rock music,2020,0.0
Roots rock,1954,0.0
Roots rock,1955,0.0
Roots rock,1956,0.0
Roots rock,1957,0.0
Roots rock,1958,0.0
Roots rock,1959,14.29
Roots rock,1960,0.0
Roots rock,1961,0.0
Roots rock,1962,3.33
Roots rock,1963,0.0
Roots rock,1964,1.59
Roots rock,1965,0.0
Roots rock,1966,0.0
Roots rock,1967,0.95
Roots rock,1968,0.0
Roots rock,1969,1.09
Roots rock,1970,0.0
Roots rock,1971,0.0
Roots rock,1972,1.89
Roots rock,1973,1.56
Roots rock,1974,0.0
Roots rock,1975,0.0
Roots rock,1976,0.0
Roots rock,1977,2.27
Roots rock,1978,1.54
Roots rock,1979,2.06
Roots rock,1980,1.32
Roots rock,1981,0.0
Roots rock,1982,1.32
Roots rock,1983,1.49
Roots rock,1984,0.68
Roots rock,1985,1.47
Roots rock,1986,0.7
Roots rock,1987,0.67
Roots rock,1988,1.8
Roots rock,1989,0.54
Roots rock,1990,1.09
Roots rock,1991,0.0
Roots rock,1992,1.52
Roots rock,1993,0.46
Roots rock,1994,1.06
Roots rock,1995,1.05
Roots rock,1996,1.04
Roots rock,1997,0.31
Roots rock,1998,0.98
Roots rock,1999,0.54
Roots rock,2000,0.28
Roots rock,2001,0.0
Roots rock,2002,1.21
Roots rock,2003,0.38
Roots rock,2004,0.0
Roots rock,2005,0.73
Roots rock,2006,0.23
Roots rock,2007,0.84
Roots rock,2008,0.31
Roots rock,2009,0.32
Roots rock,2010,1.85
Roots rock,2011,0.45
Roots rock,2012,0.74
Roots rock,2013,1.01
Roots rock,2014,0.0
Roots rock,2015,0.0
Roots rock,2016,0.0
Roots rock,2017,0.0
Roots rock,2018,0.0
Roots rock,2019,0.0
Roots rock,2020,0.0
Soft rock,1954,0.0
Soft rock,1955,0.0
Soft rock,1956,0.0
Soft rock,1957,0.0
Soft rock,1958,0.0
Soft rock,1959,0.0
Soft rock,1960,0.0
Soft rock,1961,0.0
Soft rock,1962,0.0
Soft rock,1963,3.03
Soft rock,1964,0.79
Soft rock,1965,0.78
Soft rock,1966,1.94
Soft rock,1967,3.81
Soft rock,1968,8.0
Soft rock,1969,3.26
Soft rock,1970,8.7
Soft rock,1971,11.36
Soft rock,1972,3.77
Soft rock,1973,4.69
Soft rock,1974,3.64
Soft rock,1975,0.0
Soft rock,1976,6.25
Soft rock,1977,2.27
Soft rock,1978,1.54
Soft rock,1979,0.0
Soft rock,1980,0.0
Soft rock,1981,0.91
Soft rock,1982,0.0
Soft rock,1983,0.0
Soft rock,1984,0.68
Soft rock,1985,0.0
Soft rock,1986,0.0
Soft rock,1987,0.0
Soft rock,1988,0.9
Soft rock,1989,1.09
Soft rock,1990,0.0
Soft rock,1991,0.0
Soft rock,1992,0.0
Soft rock,1993,0.0
Soft rock,1994,0.0
Soft rock,1995,0.0
Soft rock,1996,0.0
Soft rock,1997,0.31
Soft rock,1998,0.0
Soft rock,1999,0.27
Soft rock,2000,0.0
Soft rock,2001,0.0
Soft rock,2002,0.0
Soft rock,2003,0.19
Soft rock,2004,0.2
Soft rock,2005,0.0
Soft rock,2006,0.45
Soft rock,2007,0.28
Soft rock,2008,0.0
Soft rock,2009,0.0
Soft rock,2010,0.37
Soft rock,2011,0.0
Soft rock,2012,0.0
Soft rock,2013,0.0
Soft rock,2014,0.0
Soft rock,2015,0.0
Soft rock,2016,0.0
Soft rock,2017,0.0
Soft rock,2018,0.0
Soft rock,2019,0.0
Soft rock,2020,0.0
Southern rock,1954,0.0
Southern rock,1955,0.0
Southern rock,1956,0.0
Southern rock,1957,0.0
Southern rock,1958,0.0
Southern rock,1959,0.0
Southern rock,1960,0.0
Southern rock,1961,0.0
Southern rock,1962,0.0
Southern rock,1963,3.03
Southern rock,1964,0.79
Southern rock,1965,0.78
Southern rock,1966,0.97
Southern rock,1967,1.9
Southern rock,1968,4.0
Southern rock,1969,5.43
Southern rock,1970,4.35
Southern rock,1971,6.82
Southern rock,1972,3.77
Southern rock,1973,3.12
Southern rock,1974,7.27
Southern rock,1975,2.22
Southern rock,1976,1.56
Southern rock,1977,1.14
Southern rock,1978,1.54
Southern rock,1979,1.03
Southern rock,1980,1.32
Southern rock,1981,0.0
Southern rock,1982,0.0
Southern rock,1983,2.24
Southern rock,1984,0.0
Southern rock,1985,1.47
Southern rock,1986,0.7
Southern rock,1987,1.33
Southern rock,1988,1.8
Southern rock,1989,0.54
Southern rock,1990,1.09
Southern rock,1991,0.93
Southern rock,1992,1.14
Southern rock,1993,0.46
Southern rock,1994,1.42
Southern rock,1995,0.7
Southern rock,1996,1.38
Southern rock,1997,0.0
Southern rock,1998,1.95
Southern rock,1999,0.8
Southern rock,2000,1.38
Southern rock,2001,1.28
Southern rock,2002,1.45
Southern rock,2003,0.96
Southern rock,2004,1.57
Southern rock,2005,0.73
Southern rock,2006,1.13
Southern rock,2007,1.12
Southern rock,2008,1.23
Southern rock,2009,0.63
Southern rock,2010,1.11
Southern rock,2011,1.35
Southern rock,2012,2.22
Southern rock,2013,0.0
Southern rock,2014,0.0
Southern rock,2015,0.0
Southern rock,2016,0.0
Southern rock,2017,0.0
Southern rock,2018,0.0
Southern rock,2019,0.0
Southern rock,2020,0.0
Surf music,1954,0.0
Surf music,1955,0.0
Surf music,1956,0.0
Surf music,1957,0.0
Surf music,1958,0.0
Surf music,1959,14.29
Surf music,1960,3.57
Surf music,1961,33.33
Surf music,1962,10.0
Surf music,1963,0.0
Surf music,1964,0.0
Surf music,1965,0.0
Surf music,1966,0.0
Surf music,1967,0.0
Surf music,1968,2.0
Surf music,1969,0.0
Surf music,1970,0.0
Surf music,1971,0.0
Surf music,1972,0.0
Surf music,1973,0.0
Surf music,1974,0.0
Surf music,1975,0.0
Surf music,1976,0.0
Surf music,1977,0.0
Surf music,1978,0.0
Surf music,1979,0.0
Surf music,1980,0.0
Surf music,1981,0.0
Surf music,1982,0.0
Surf music,1983,0.75
Surf music,1984,0.68
Surf music,1985,0.0
Surf music,1986,0.0
Surf music,1987,0.0
Surf music,1988,0.0
Surf music,1989,0.0
Surf music,1990,0.0
Surf music,1991,0.93
Surf music,1992,0.0
Surf music,1993,0.46
Surf music,1994,0.0
Surf music,1995,0.35
Surf music,1996,0.69
Surf music,1997,0.0
Surf music,1998,0.0
Surf music,1999,0.54
Surf music,2000,0.28
Surf music,2001,0.0
Surf music,2002,0.0
Surf music,2003,0.19
Surf music,2004,0.2
Surf music,2005,0.0
Surf music,2006,0.0
Surf music,2007,0.0
Surf music,2008,0.0
Surf music,2009,0.32
Surf music,2010,0.37
Surf music,2011,0.0
Surf music,2012,1.48
Surf music,2013,0.0
Surf music,2014,0.0
Surf music,2015,0.0
Surf music,2016,0.0
Surf music,2017,0.0
Surf music,2018,0.0
Surf music,2019,0.0
Surf music,2020,0.0
